,date,vegetable,unit,minimum,maximum,average
1,2025-06-01,गोलभेडा ठूलो(नेपाली),kg,45,55,50
2,2025-06-01,गोलभेडा ठूलो(भारतीय),kg,50,60,55
3,2025-06-01,गोलभेडा सानो(लोकल),kg,40,50,45
4,2025-06-01,गोलभेडा सानो(टनेल),kg,50,60,55
5,2025-06-01,गोलभेडा सानो(भारतीय),kg,40,50,45
6,2025-06-01,आलु रातो,kg,35,40,37
7,2025-06-01,आलु रातो(भारतीय),kg,35,40,37
8,2025-06-01,आलु रातो(मुडे),kg,37,40,38
9,2025-06-01,प्याज सुकेको (भारतीय),kg,36,38,37
10,2025-06-01,गाजर(लोकल),kg,30,40,35
11,2025-06-01,गाजर(तराई),kg,15,25,20
12,2025-06-01,बन्दा(लोकल),kg,10,15,12
13,2025-06-01,काउली स्थानिय,kg,22,32,26
14,2025-06-01,मूला रातो,kg,30,40,35
15,2025-06-01,मूला सेतो(लोकल),kg,10,20,15
16,2025-06-01,सेतो मूला(हाइब्रीड),kg,10,20,15
17,2025-06-01,भन्टा लाम्चो,kg,10,15,12
18,2025-06-01,भन्टा डल्लो,kg,15,25,20
19,2025-06-01,बोडी(तने),kg,55,65,60
20,2025-06-01,मकै बोडी,kg,60,70,65
21,2025-06-01,मटरकोशा,kg,120,130,125
22,2025-06-01,घिउ सिमी(लोकल),kg,18,28,23
23,2025-06-01,घिउ सिमी(हाइब्रीड),kg,20,30,25
24,2025-06-01,घिउ सिमी(राजमा),kg,90,100,95
25,2025-06-01,भटमासकोशा,kg,115,125,120
26,2025-06-01,तितो करेला,kg,40,50,45
27,2025-06-01,लौका,kg,25,35,30
28,2025-06-01,परवर(लोकल),kg,55,65,60
29,2025-06-01,परवर(तराई),kg,55,65,60
30,2025-06-01,चिचिण्डो,kg,20,30,25
31,2025-06-01,घिरौला,kg,15,25,20
32,2025-06-01,झिगूनी,kg,55,65,60
33,2025-06-01,फर्सी पाकेको,kg,35,45,40
34,2025-06-01,फर्सी हरियो(लाम्चो),kg,20,30,25
35,2025-06-01,हरियो फर्सी(डल्लो),kg,15,25,20
36,2025-06-01,भिण्डी,kg,15,25,20
37,2025-06-01,सखरखण्ड,kg,65,75,70
38,2025-06-01,पिंडालू,kg,100,120,110
39,2025-06-01,रायो साग,kg,25,35,30
40,2025-06-01,पालूगो साग,kg,25,35,30
41,2025-06-01,चमसूरको साग,kg,60,70,65
42,2025-06-01,तोरीको साग,kg,20,30,25
43,2025-06-01,मेथीको साग,kg,80,90,85
44,2025-06-01,प्याज हरियो,kg,40,50,45
45,2025-06-01,च्याउ(कन्य),kg,120,150,133
46,2025-06-01,च्याउ(डल्ले),kg,210,260,233
47,2025-06-01,कुरीलो,kg,200,400,300
48,2025-06-01,न्यूरो,kg,20,30,25
49,2025-06-01,ब्रोकाउली,kg,40,50,45
50,2025-06-01,चुकुन्दर,kg,55,65,60
51,2025-06-01,सजिवन,kg,100,110,105
52,2025-06-01,रातो बन्दा,kg,60,70,65
53,2025-06-01,जिरीको साग,kg,70,80,75
54,2025-06-01,ग्याठ कोबी,kg,40,50,45
55,2025-06-01,सेलरी,kg,130,150,140
56,2025-06-01,पार्सले,kg,300,400,350
57,2025-06-01,सौफको साग,kg,80,100,90
58,2025-06-01,पुदीना,kg,85,95,90
59,2025-06-01,गान्टे मूला,kg,30,40,35
60,2025-06-01,इमली,kg,160,170,165
61,2025-06-01,तामा,kg,90,100,95
62,2025-06-01,तोफु,kg,110,140,126
63,2025-06-01,गुन्दुक,kg,300,350,326
64,2025-06-01,स्याउ(झोले),kg,230,250,240
65,2025-06-01,स्याउ(फूजी),kg,240,300,273
66,2025-06-01,केरा,dozen,140,150,145
67,2025-06-01,कागती,kg,180,200,190
68,2025-06-01,अनार,kg,300,350,326
69,2025-06-01,आँप(मालदह),kg,60,70,65
70,2025-06-01,आँप(दसहरी),kg,75,85,80
71,2025-06-01,अंगुर(हरियो),kg,200,250,226
72,2025-06-01,अंगुर(कालो),kg,300,350,326
73,2025-06-01,तरबुजा(हरियो),kg,30,40,35
74,2025-06-01,मौसम,kg,180,200,190
75,2025-06-01,जुनार,kg,200,250,226
76,2025-06-01,भुई कटहर,per piece,180,200,190
77,2025-06-01,काक्रो(लोकल),kg,35,45,40
78,2025-06-01,काक्रो(हाइब्रीड),kg,10,20,15
79,2025-06-01,रुख कटहर,kg,55,65,60
80,2025-06-01,नासपाती(चाइनिज),kg,230,250,240
81,2025-06-01,मेवा(नेपाली),kg,70,80,75
82,2025-06-01,मेवा(भारतीय),kg,90,100,95
83,2025-06-01,लीच्ची(लोकल),kg,110,130,120
84,2025-06-01,लीच्ची(भारतीय),kg,180,210,196
85,2025-06-01,अदुवा,kg,100,120,110
86,2025-06-01,खु्र्सानी सुकेको,kg,380,420,400
87,2025-06-01,खु्र्सानी हरियो,kg,40,45,42
88,2025-06-01,खुर्सानी हरियो(बुलेट),kg,40,45,42
89,2025-06-01,खुर्सानी हरियो(माछे),kg,30,40,35
90,2025-06-01,खुर्सानी हरियो(अकबरे),kg,260,300,280
91,2025-06-01,भेडे खु्र्सानी,kg,70,80,75
92,2025-06-01,लसुन हरियो,kg,70,80,75
93,2025-06-01,हरियो धनिया,kg,30,40,35
94,2025-06-01,लसुन सुकेको चाइनिज,kg,240,280,260
95,2025-06-01,लसुन सुकेको नेपाली,kg,160,190,176
96,2025-06-01,छ्यापी सुकेको,kg,180,200,190
97,2025-06-01,छ्यापी हरियो,kg,100,120,110
98,2025-06-01,ताजा माछा(रहु),kg,300,320,310
99,2025-06-01,ताजा माछा(बचुवा),kg,300,320,310
100,2025-06-01,ताजा माछा(छडी),kg,220,240,230
101,2025-06-01,राजा च्याउ,kg,280,300,290
102,2025-06-01,सिताके च्याउ,kg,800,900,850
103,2025-06-02,गोलभेडा ठूलो(नेपाली),kg,45,55,50
104,2025-06-02,गोलभेडा ठूलो(भारतीय),kg,55,65,60
105,2025-06-02,गोलभेडा सानो(लोकल),kg,37,47,42
106,2025-06-02,गोलभेडा सानो(टनेल),kg,52,62,57
107,2025-06-02,गोलभेडा सानो(भारतीय),kg,40,50,45
108,2025-06-02,आलु रातो,kg,35,38,36
109,2025-06-02,आलु रातो(भारतीय),kg,32,35,33
110,2025-06-02,आलु रातो(मुडे),kg,37,39,38
111,2025-06-02,प्याज सुकेको (भारतीय),kg,38,40,39
112,2025-06-02,गाजर(लोकल),kg,25,35,30
113,2025-06-02,गाजर(तराई),kg,15,25,20
114,2025-06-02,बन्दा(लोकल),kg,10,15,12
115,2025-06-02,काउली स्थानिय,kg,25,35,30
116,2025-06-02,मूला रातो,kg,30,40,35
117,2025-06-02,मूला सेतो(लोकल),kg,15,20,17
118,2025-06-02,सेतो मूला(हाइब्रीड),kg,15,20,17
119,2025-06-02,भन्टा लाम्चो,kg,10,18,14
120,2025-06-02,भन्टा डल्लो,kg,20,30,25
121,2025-06-02,बोडी(तने),kg,45,55,50
122,2025-06-02,मकै बोडी,kg,60,70,65
123,2025-06-02,मटरकोशा,kg,130,150,140
124,2025-06-02,घिउ सिमी(लोकल),kg,25,35,30
125,2025-06-02,घिउ सिमी(हाइब्रीड),kg,20,30,25
126,2025-06-02,घिउ सिमी(राजमा),kg,100,120,110
127,2025-06-02,भटमासकोशा,kg,120,130,125
128,2025-06-02,तितो करेला,kg,40,50,45
129,2025-06-02,लौका,kg,25,35,30
130,2025-06-02,परवर(तराई),kg,50,60,55
131,2025-06-02,चिचिण्डो,kg,20,30,25
132,2025-06-02,घिरौला,kg,15,25,20
133,2025-06-02,झिगूनी,kg,50,60,55
134,2025-06-02,फर्सी पाकेको,kg,35,45,40
135,2025-06-02,फर्सी हरियो(लाम्चो),kg,20,30,25
136,2025-06-02,हरियो फर्सी(डल्लो),kg,15,25,20
137,2025-06-02,भिण्डी,kg,20,30,25
138,2025-06-02,सखरखण्ड,kg,65,75,70
139,2025-06-02,पिंडालू,kg,100,120,110
140,2025-06-02,रायो साग,kg,20,30,25
141,2025-06-02,पालूगो साग,kg,25,35,30
142,2025-06-02,चमसूरको साग,kg,60,70,65
143,2025-06-02,तोरीको साग,kg,20,30,25
144,2025-06-02,मेथीको साग,kg,80,100,90
145,2025-06-02,प्याज हरियो,kg,40,50,45
146,2025-06-02,च्याउ(कन्य),kg,130,160,146
147,2025-06-02,च्याउ(डल्ले),kg,210,260,233
148,2025-06-02,कुरीलो,kg,200,350,275
149,2025-06-02,न्यूरो,kg,20,30,25
150,2025-06-02,ब्रोकाउली,kg,40,50,45
151,2025-06-02,चुकुन्दर,kg,55,65,60
152,2025-06-02,सजिवन,kg,100,110,105
153,2025-06-02,रातो बन्दा,kg,60,70,65
154,2025-06-02,जिरीको साग,kg,70,80,75
155,2025-06-02,ग्याठ कोबी,kg,40,50,45
156,2025-06-02,सेलरी,kg,110,130,120
157,2025-06-02,पार्सले,kg,400,500,450
158,2025-06-02,सौफको साग,kg,80,100,90
159,2025-06-02,पुदीना,kg,100,110,105
160,2025-06-02,गान्टे मूला,kg,30,40,35
161,2025-06-02,इमली,kg,160,170,165
162,2025-06-02,तामा,kg,90,100,95
163,2025-06-02,तोफु,kg,110,140,126
164,2025-06-02,गुन्दुक,kg,300,350,326
165,2025-06-02,स्याउ(झोले),kg,230,250,240
166,2025-06-02,स्याउ(फूजी),kg,240,300,270
167,2025-06-02,केरा,dozen,140,150,145
168,2025-06-02,कागती,kg,180,200,190
169,2025-06-02,अनार,kg,300,350,326
170,2025-06-02,आँप(मालदह),kg,55,65,60
171,2025-06-02,आँप(दसहरी),kg,70,80,75
172,2025-06-02,अंगुर(हरियो),kg,200,250,226
173,2025-06-02,अंगुर(कालो),kg,300,350,326
174,2025-06-02,तरबुजा(हरियो),kg,30,40,35
175,2025-06-02,मौसम,kg,180,200,190
176,2025-06-02,जुनार,kg,200,250,226
177,2025-06-02,भुई कटहर,per piece,160,180,170
178,2025-06-02,काक्रो(लोकल),kg,35,45,40
179,2025-06-02,काक्रो(हाइब्रीड),kg,10,20,15
180,2025-06-02,रुख कटहर,kg,55,65,60
181,2025-06-02,नासपाती(चाइनिज),kg,230,250,240
182,2025-06-02,मेवा(नेपाली),kg,70,80,75
183,2025-06-02,मेवा(भारतीय),kg,90,100,95
184,2025-06-02,लीच्ची(लोकल),kg,110,130,120
185,2025-06-02,लीच्ची(भारतीय),kg,180,210,196
186,2025-06-02,अदुवा,kg,100,120,110
187,2025-06-02,खु्र्सानी सुकेको,kg,380,420,400
188,2025-06-02,खु्र्सानी हरियो,kg,45,55,50
189,2025-06-02,खुर्सानी हरियो(बुलेट),kg,45,55,50
190,2025-06-02,खुर्सानी हरियो(माछे),kg,30,40,35
191,2025-06-02,खुर्सानी हरियो(अकबरे),kg,260,300,280
192,2025-06-02,भेडे खु्र्सानी,kg,70,80,75
193,2025-06-02,लसुन हरियो,kg,70,80,75
194,2025-06-02,हरियो धनिया,kg,30,40,35
195,2025-06-02,लसुन सुकेको चाइनिज,kg,240,280,260
196,2025-06-02,लसुन सुकेको नेपाली,kg,160,190,176
197,2025-06-02,छ्यापी सुकेको,kg,180,200,190
198,2025-06-02,छ्यापी हरियो,kg,100,120,110
199,2025-06-02,ताजा माछा(रहु),kg,300,320,310
200,2025-06-02,ताजा माछा(बचुवा),kg,300,320,310
201,2025-06-02,ताजा माछा(छडी),kg,220,240,230
202,2025-06-02,राजा च्याउ,kg,280,300,290
203,2025-06-02,सिताके च्याउ,kg,800,900,850
204,2025-06-03,गोलभेडा ठूलो(नेपाली),kg,60,70,65
205,2025-06-03,गोलभेडा ठूलो(भारतीय),kg,55,65,60
206,2025-06-03,गोलभेडा सानो(लोकल),kg,30,40,35
207,2025-06-03,गोलभेडा सानो(टनेल),kg,40,50,45
208,2025-06-03,गोलभेडा सानो(भारतीय),kg,43,48,45
209,2025-06-03,आलु रातो,kg,35,38,36
210,2025-06-03,आलु रातो(भारतीय),kg,32,35,33
211,2025-06-03,आलु रातो(मुडे),kg,37,39,38
212,2025-06-03,प्याज सुकेको (भारतीय),kg,38,40,39
213,2025-06-03,गाजर(लोकल),kg,25,35,30
214,2025-06-03,बन्दा(लोकल),kg,10,15,12
215,2025-06-03,काउली स्थानिय,kg,30,40,35
216,2025-06-03,मूला रातो,kg,30,40,35
217,2025-06-03,मूला सेतो(लोकल),kg,15,20,17
218,2025-06-03,सेतो मूला(हाइब्रीड),kg,15,20,17
219,2025-06-03,भन्टा लाम्चो,kg,10,18,14
220,2025-06-03,भन्टा डल्लो,kg,20,25,22
221,2025-06-03,बोडी(तने),kg,40,50,45
222,2025-06-03,मकै बोडी,kg,60,70,65
223,2025-06-03,मटरकोशा,kg,130,150,140
224,2025-06-03,घिउ सिमी(लोकल),kg,25,35,30
225,2025-06-03,घिउ सिमी(हाइब्रीड),kg,20,30,25
226,2025-06-03,घिउ सिमी(राजमा),kg,100,120,110
227,2025-06-03,भटमासकोशा,kg,120,130,125
228,2025-06-03,तितो करेला,kg,40,50,45
229,2025-06-03,लौका,kg,20,30,25
230,2025-06-03,परवर(तराई),kg,40,50,45
231,2025-06-03,चिचिण्डो,kg,20,30,25
232,2025-06-03,घिरौला,kg,15,25,20
233,2025-06-03,झिगूनी,kg,50,60,55
234,2025-06-03,फर्सी पाकेको,kg,35,45,40
235,2025-06-03,फर्सी हरियो(लाम्चो),kg,20,30,25
236,2025-06-03,हरियो फर्सी(डल्लो),kg,15,25,20
237,2025-06-03,भिण्डी,kg,20,25,22
238,2025-06-03,सखरखण्ड,kg,65,75,70
239,2025-06-03,पिंडालू,kg,100,120,110
240,2025-06-03,रायो साग,kg,20,30,25
241,2025-06-03,पालूगो साग,kg,25,35,30
242,2025-06-03,चमसूरको साग,kg,60,70,65
243,2025-06-03,तोरीको साग,kg,20,30,25
244,2025-06-03,मेथीको साग,kg,80,100,90
245,2025-06-03,प्याज हरियो,kg,40,50,45
246,2025-06-03,च्याउ(कन्य),kg,140,160,150
247,2025-06-03,च्याउ(डल्ले),kg,220,280,253
248,2025-06-03,कुरीलो,kg,200,350,283
249,2025-06-03,न्यूरो,kg,20,30,25
250,2025-06-03,ब्रोकाउली,kg,40,50,45
251,2025-06-03,चुकुन्दर,kg,55,65,60
252,2025-06-03,सजिवन,kg,100,110,105
253,2025-06-03,रातो बन्दा,kg,60,70,65
254,2025-06-03,जिरीको साग,kg,70,80,75
255,2025-06-03,ग्याठ कोबी,kg,40,50,45
256,2025-06-03,सेलरी,kg,110,130,120
257,2025-06-03,पार्सले,kg,300,400,350
258,2025-06-03,सौफको साग,kg,80,100,90
259,2025-06-03,पुदीना,kg,100,110,105
260,2025-06-03,गान्टे मूला,kg,30,40,35
261,2025-06-03,इमली,kg,160,170,165
262,2025-06-03,तामा,kg,90,100,95
263,2025-06-03,तोफु,kg,110,140,126
264,2025-06-03,गुन्दुक,kg,300,350,326
265,2025-06-03,स्याउ(झोले),kg,230,250,240
266,2025-06-03,स्याउ(फूजी),kg,240,300,270
267,2025-06-03,केरा,dozen,140,150,145
268,2025-06-03,कागती,kg,180,200,190
269,2025-06-03,अनार,kg,300,350,326
270,2025-06-03,आँप(मालदह),kg,55,65,60
271,2025-06-03,आँप(दसहरी),kg,70,80,75
272,2025-06-03,अंगुर(हरियो),kg,200,250,223
273,2025-06-03,अंगुर(कालो),kg,300,350,326
274,2025-06-03,तरबुजा(हरियो),kg,30,40,35
275,2025-06-03,मौसम,kg,180,200,190
276,2025-06-03,जुनार,kg,200,250,226
277,2025-06-03,भुई कटहर,per piece,160,180,170
278,2025-06-03,काक्रो(लोकल),kg,35,45,40
279,2025-06-03,काक्रो(हाइब्रीड),kg,10,20,15
280,2025-06-03,रुख कटहर,kg,55,65,60
281,2025-06-03,मेवा(भारतीय),kg,90,100,95
282,2025-06-03,लीच्ची(लोकल),kg,110,130,120
283,2025-06-03,लीच्ची(भारतीय),kg,180,210,196
284,2025-06-03,अदुवा,kg,100,120,110
285,2025-06-03,खु्र्सानी सुकेको,kg,380,420,400
286,2025-06-03,खु्र्सानी हरियो,kg,40,50,45
287,2025-06-03,खुर्सानी हरियो(बुलेट),kg,35,45,40
288,2025-06-03,खुर्सानी हरियो(माछे),kg,30,40,35
289,2025-06-03,खुर्सानी हरियो(अकबरे),kg,260,300,280
290,2025-06-03,भेडे खु्र्सानी,kg,70,80,75
291,2025-06-03,हरियो धनिया,kg,30,40,35
292,2025-06-03,लसुन सुकेको चाइनिज,kg,240,280,260
293,2025-06-03,लसुन सुकेको नेपाली,kg,150,180,163
294,2025-06-03,छ्यापी हरियो,kg,100,110,105
295,2025-06-03,ताजा माछा(रहु),kg,310,330,320
296,2025-06-03,ताजा माछा(बचुवा),kg,300,320,310
297,2025-06-03,ताजा माछा(छडी),kg,220,240,230
298,2025-06-03,राजा च्याउ,kg,280,300,290
299,2025-06-03,सिताके च्याउ,kg,800,900,850
300,2025-06-04,गोलभेडा ठूलो(नेपाली),kg,60,70,65
301,2025-06-04,गोलभेडा ठूलो(भारतीय),kg,55,65,60
302,2025-06-04,गोलभेडा सानो(लोकल),kg,29,39,34
303,2025-06-04,गोलभेडा सानो(टनेल),kg,40,50,45
304,2025-06-04,गोलभेडा सानो(भारतीय),kg,43,48,45
305,2025-06-04,आलु रातो,kg,35,38,36
306,2025-06-04,आलु रातो(भारतीय),kg,32,35,33
307,2025-06-04,आलु रातो(मुडे),kg,37,39,38
308,2025-06-04,प्याज सुकेको (भारतीय),kg,38,40,39
309,2025-06-04,गाजर(लोकल),kg,40,50,45
310,2025-06-04,बन्दा(लोकल),kg,10,15,12
311,2025-06-04,काउली स्थानिय,kg,35,45,40
312,2025-06-04,मूला रातो,kg,30,40,35
313,2025-06-04,मूला सेतो(लोकल),kg,15,20,17
314,2025-06-04,सेतो मूला(हाइब्रीड),kg,20,25,22
315,2025-06-04,भन्टा लाम्चो,kg,10,18,13
316,2025-06-04,भन्टा डल्लो,kg,20,30,25
317,2025-06-04,बोडी(तने),kg,40,50,45
318,2025-06-04,मकै बोडी,kg,65,75,70
319,2025-06-04,मटरकोशा,kg,130,150,140
320,2025-06-04,घिउ सिमी(लोकल),kg,30,40,35
321,2025-06-04,घिउ सिमी(हाइब्रीड),kg,25,35,30
322,2025-06-04,घिउ सिमी(राजमा),kg,100,120,110
323,2025-06-04,भटमासकोशा,kg,120,130,125
324,2025-06-04,तितो करेला,kg,45,50,47
325,2025-06-04,लौका,kg,20,30,25
326,2025-06-04,परवर(लोकल),kg,45,55,50
327,2025-06-04,परवर(तराई),kg,40,50,45
328,2025-06-04,चिचिण्डो,kg,20,30,25
329,2025-06-04,घिरौला,kg,30,35,32
330,2025-06-04,झिगूनी,kg,50,60,55
331,2025-06-04,फर्सी पाकेको,kg,35,45,40
332,2025-06-04,फर्सी हरियो(लाम्चो),kg,20,30,25
333,2025-06-04,हरियो फर्सी(डल्लो),kg,15,25,20
334,2025-06-04,भिण्डी,kg,25,35,30
335,2025-06-04,सखरखण्ड,kg,65,75,70
336,2025-06-04,पिंडालू,kg,100,120,110
337,2025-06-04,रायो साग,kg,20,30,25
338,2025-06-04,पालूगो साग,kg,25,35,30
339,2025-06-04,चमसूरको साग,kg,60,70,65
340,2025-06-04,तोरीको साग,kg,20,30,25
341,2025-06-04,मेथीको साग,kg,80,100,90
342,2025-06-04,प्याज हरियो,kg,50,60,55
343,2025-06-04,च्याउ(कन्य),kg,150,170,160
344,2025-06-04,च्याउ(डल्ले),kg,240,280,260
345,2025-06-04,कुरीलो,kg,200,350,275
346,2025-06-04,न्यूरो,kg,20,30,25
347,2025-06-04,ब्रोकाउली,kg,65,70,67
348,2025-06-04,चुकुन्दर,kg,65,75,70
349,2025-06-04,सजिवन,kg,110,120,115
350,2025-06-04,रातो बन्दा,kg,60,70,65
351,2025-06-04,जिरीको साग,kg,70,80,75
352,2025-06-04,ग्याठ कोबी,kg,45,55,50
353,2025-06-04,सेलरी,kg,110,120,115
354,2025-06-04,पार्सले,kg,300,400,350
355,2025-06-04,सौफको साग,kg,80,100,90
356,2025-06-04,पुदीना,kg,100,110,105
357,2025-06-04,गान्टे मूला,kg,30,40,35
358,2025-06-04,इमली,kg,160,170,165
359,2025-06-04,तामा,kg,90,100,95
360,2025-06-04,तोफु,kg,110,140,126
361,2025-06-04,गुन्दुक,kg,300,350,326
362,2025-06-04,स्याउ(झोले),kg,230,250,240
363,2025-06-04,स्याउ(फूजी),kg,240,300,273
364,2025-06-04,केरा,dozen,140,150,145
365,2025-06-04,कागती,kg,180,200,190
366,2025-06-04,अनार,kg,300,350,326
367,2025-06-04,आँप(मालदह),kg,55,65,60
368,2025-06-04,आँप(दसहरी),kg,70,75,72
369,2025-06-04,अंगुर(हरियो),kg,200,250,226
370,2025-06-04,अंगुर(कालो),kg,300,350,326
371,2025-06-04,तरबुजा(हरियो),kg,30,40,35
372,2025-06-04,मौसम,kg,180,200,190
373,2025-06-04,जुनार,kg,200,250,226
374,2025-06-04,भुई कटहर,per piece,160,180,170
375,2025-06-04,काक्रो(लोकल),kg,40,50,45
376,2025-06-04,काक्रो(हाइब्रीड),kg,10,15,12
377,2025-06-04,रुख कटहर,kg,55,65,60
378,2025-06-04,मेवा(नेपाली),kg,90,100,95
379,2025-06-04,लीच्ची(लोकल),kg,120,130,125
380,2025-06-04,लीच्ची(भारतीय),kg,180,200,190
381,2025-06-04,अदुवा,kg,90,110,100
382,2025-06-04,खु्र्सानी सुकेको,kg,380,420,400
383,2025-06-04,खु्र्सानी हरियो,kg,40,50,45
384,2025-06-04,खुर्सानी हरियो(बुलेट),kg,35,45,40
385,2025-06-04,खुर्सानी हरियो(माछे),kg,30,40,35
386,2025-06-04,खुर्सानी हरियो(अकबरे),kg,260,300,280
387,2025-06-04,भेडे खु्र्सानी,kg,70,80,75
388,2025-06-04,हरियो धनिया,kg,35,45,40
389,2025-06-04,लसुन सुकेको चाइनिज,kg,200,220,210
390,2025-06-04,लसुन सुकेको नेपाली,kg,170,180,175
391,2025-06-04,छ्यापी सुकेको,kg,180,200,190
392,2025-06-04,छ्यापी हरियो,kg,100,120,110
393,2025-06-04,ताजा माछा(रहु),kg,310,330,320
394,2025-06-04,ताजा माछा(बचुवा),kg,300,320,310
395,2025-06-04,ताजा माछा(छडी),kg,220,240,230
396,2025-06-04,राजा च्याउ,kg,280,300,290
397,2025-06-04,सिताके च्याउ,kg,800,900,850
398,2025-06-05,गोलभेडा ठूलो(नेपाली),kg,60,70,65
399,2025-06-05,गोलभेडा ठूलो(भारतीय),kg,60,70,65
400,2025-06-05,गोलभेडा सानो(लोकल),kg,29,39,33
401,2025-06-05,गोलभेडा सानो(टनेल),kg,39,51,44
402,2025-06-05,गोलभेडा सानो(भारतीय),kg,43,48,45
403,2025-06-05,आलु रातो,kg,37,39,38
404,2025-06-05,आलु रातो(भारतीय),kg,32,35,33
405,2025-06-05,आलु रातो(मुडे),kg,36,38,37
406,2025-06-05,प्याज सुकेको (भारतीय),kg,38,40,39
407,2025-06-05,गाजर(लोकल),kg,48,55,51
408,2025-06-05,बन्दा(लोकल),kg,10,17,13
409,2025-06-05,काउली स्थानिय,kg,35,45,39
410,2025-06-05,मूला रातो,kg,30,35,32
411,2025-06-05,मूला सेतो(लोकल),kg,15,20,17
412,2025-06-05,सेतो मूला(हाइब्रीड),kg,20,25,22
413,2025-06-05,भन्टा लाम्चो,kg,12,20,15
414,2025-06-05,भन्टा डल्लो,kg,25,32,28
415,2025-06-05,बोडी(तने),kg,35,40,37
416,2025-06-05,मकै बोडी,kg,55,65,60
417,2025-06-05,मटरकोशा,kg,130,150,140
418,2025-06-05,घिउ सिमी(लोकल),kg,30,40,35
419,2025-06-05,घिउ सिमी(हाइब्रीड),kg,25,35,30
420,2025-06-05,घिउ सिमी(राजमा),kg,100,120,110
421,2025-06-05,भटमासकोशा,kg,120,130,125
422,2025-06-05,तितो करेला,kg,40,50,45
423,2025-06-05,लौका,kg,22,32,26
424,2025-06-05,परवर(लोकल),kg,45,55,50
425,2025-06-05,परवर(तराई),kg,40,50,45
426,2025-06-05,चिचिण्डो,kg,20,30,25
427,2025-06-05,घिरौला,kg,30,40,35
428,2025-06-05,झिगूनी,kg,50,60,55
429,2025-06-05,फर्सी पाकेको,kg,35,45,40
430,2025-06-05,फर्सी हरियो(लाम्चो),kg,25,30,27
431,2025-06-05,हरियो फर्सी(डल्लो),kg,15,25,20
432,2025-06-05,भिण्डी,kg,25,35,30
433,2025-06-05,सखरखण्ड,kg,65,75,70
434,2025-06-05,पिंडालू,kg,100,120,110
435,2025-06-05,रायो साग,kg,20,30,25
436,2025-06-05,पालूगो साग,kg,30,40,35
437,2025-06-05,चमसूरको साग,kg,60,70,65
438,2025-06-05,तोरीको साग,kg,25,35,30
439,2025-06-05,मेथीको साग,kg,80,100,90
440,2025-06-05,प्याज हरियो,kg,60,75,68
441,2025-06-05,च्याउ(कन्य),kg,170,190,180
442,2025-06-05,च्याउ(डल्ले),kg,280,320,300
443,2025-06-05,कुरीलो,kg,200,350,275
444,2025-06-05,न्यूरो,kg,20,30,25
445,2025-06-05,ब्रोकाउली,kg,65,75,70
446,2025-06-05,चुकुन्दर,kg,65,75,70
447,2025-06-05,सजिवन,kg,110,120,115
448,2025-06-05,रातो बन्दा,kg,65,75,70
449,2025-06-05,जिरीको साग,kg,70,80,75
450,2025-06-05,ग्याठ कोबी,kg,45,55,50
451,2025-06-05,सेलरी,kg,110,120,115
452,2025-06-05,पार्सले,kg,300,400,350
453,2025-06-05,सौफको साग,kg,80,100,91
454,2025-06-05,पुदीना,kg,100,110,105
455,2025-06-05,गान्टे मूला,kg,30,40,35
456,2025-06-05,इमली,kg,160,170,165
457,2025-06-05,तामा,kg,90,100,95
458,2025-06-05,तोफु,kg,110,140,126
459,2025-06-05,गुन्दुक,kg,300,350,326
460,2025-06-05,स्याउ(झोले),kg,230,250,240
461,2025-06-05,स्याउ(फूजी),kg,240,300,273
462,2025-06-05,केरा,dozen,140,150,145
463,2025-06-05,कागती,kg,180,200,190
464,2025-06-05,अनार,kg,300,350,326
465,2025-06-05,आँप(मालदह),kg,55,65,60
466,2025-06-05,आँप(दसहरी),kg,65,75,70
467,2025-06-05,अंगुर(हरियो),kg,200,250,226
468,2025-06-05,अंगुर(कालो),kg,300,350,326
469,2025-06-05,तरबुजा(हरियो),kg,30,40,35
470,2025-06-05,मौसम,kg,180,200,190
471,2025-06-05,जुनार,kg,200,250,226
472,2025-06-05,भुई कटहर,per piece,160,180,170
473,2025-06-05,काक्रो(लोकल),kg,40,50,45
474,2025-06-05,काक्रो(हाइब्रीड),kg,10,18,14
475,2025-06-05,रुख कटहर,kg,55,65,60
476,2025-06-05,मेवा(भारतीय),kg,90,100,95
477,2025-06-05,लीच्ची(लोकल),kg,120,140,130
478,2025-06-05,लीच्ची(भारतीय),kg,180,200,190
479,2025-06-05,अदुवा,kg,90,110,100
480,2025-06-05,खु्र्सानी सुकेको,kg,380,420,400
481,2025-06-05,खु्र्सानी हरियो,kg,40,50,45
482,2025-06-05,खुर्सानी हरियो(बुलेट),kg,35,45,40
483,2025-06-05,खुर्सानी हरियो(माछे),kg,30,40,35
484,2025-06-05,खुर्सानी हरियो(अकबरे),kg,260,300,280
485,2025-06-05,भेडे खु्र्सानी,kg,75,85,79
486,2025-06-05,हरियो धनिया,kg,40,50,45
487,2025-06-05,लसुन सुकेको चाइनिज,kg,200,220,210
488,2025-06-05,लसुन सुकेको नेपाली,kg,170,180,175
489,2025-06-05,छ्यापी सुकेको,kg,180,200,190
490,2025-06-05,छ्यापी हरियो,kg,100,120,110
491,2025-06-05,ताजा माछा(रहु),kg,310,330,320
492,2025-06-05,ताजा माछा(बचुवा),kg,300,320,310
493,2025-06-05,ताजा माछा(छडी),kg,220,240,230
494,2025-06-05,राजा च्याउ,kg,280,300,290
495,2025-06-05,सिताके च्याउ,kg,800,900,850
496,2025-06-06,गोलभेडा ठूलो(नेपाली),kg,65,75,70
497,2025-06-06,गोलभेडा ठूलो(भारतीय),kg,69,79,74
498,2025-06-06,गोलभेडा सानो(लोकल),kg,32,40,36
499,2025-06-06,गोलभेडा सानो(टनेल),kg,45,56,51
500,2025-06-06,गोलभेडा सानो(भारतीय),kg,43,48,45
501,2025-06-06,आलु रातो,kg,37,40,38
502,2025-06-06,आलु रातो(भारतीय),kg,32,35,33
503,2025-06-06,आलु रातो(मुडे),kg,37,39,38
504,2025-06-06,प्याज सुकेको (भारतीय),kg,36,38,37
505,2025-06-06,गाजर(लोकल),kg,48,58,53
506,2025-06-06,बन्दा(लोकल),kg,10,16,13
507,2025-06-06,काउली स्थानिय,kg,40,50,45
508,2025-06-06,मूला रातो,kg,30,35,32
509,2025-06-06,मूला सेतो(लोकल),kg,15,20,17
510,2025-06-06,सेतो मूला(हाइब्रीड),kg,20,25,22
511,2025-06-06,भन्टा लाम्चो,kg,12,20,16
512,2025-06-06,भन्टा डल्लो,kg,25,32,28
513,2025-06-06,बोडी(तने),kg,30,40,35
514,2025-06-06,मकै बोडी,kg,60,70,65
515,2025-06-06,मटरकोशा,kg,130,150,139
516,2025-06-06,घिउ सिमी(लोकल),kg,32,42,37
517,2025-06-06,घिउ सिमी(हाइब्रीड),kg,25,35,30
518,2025-06-06,घिउ सिमी(राजमा),kg,100,120,110
519,2025-06-06,भटमासकोशा,kg,120,130,125
520,2025-06-06,तितो करेला,kg,40,45,42
521,2025-06-06,लौका,kg,22,30,26
522,2025-06-06,परवर(लोकल),kg,45,55,50
523,2025-06-06,परवर(तराई),kg,40,50,44
524,2025-06-06,चिचिण्डो,kg,20,30,27
525,2025-06-06,घिरौला,kg,32,42,36
526,2025-06-06,झिगूनी,kg,50,60,53
527,2025-06-06,फर्सी पाकेको,kg,35,45,39
528,2025-06-06,फर्सी हरियो(लाम्चो),kg,25,30,27
529,2025-06-06,हरियो फर्सी(डल्लो),kg,15,25,19
530,2025-06-06,भिण्डी,kg,40,50,43
531,2025-06-06,सखरखण्ड,kg,65,75,70
532,2025-06-06,पिंडालू,kg,100,120,110
533,2025-06-06,रायो साग,kg,25,32,28
534,2025-06-06,पालूगो साग,kg,30,40,36
535,2025-06-06,प्याज हरियो,kg,60,75,67
536,2025-06-06,च्याउ(कन्य),kg,180,200,190
537,2025-06-06,च्याउ(डल्ले),kg,300,350,326
538,2025-06-06,कुरीलो,kg,200,300,245
539,2025-06-06,न्यूरो,kg,20,30,25
540,2025-06-06,ब्रोकाउली,kg,65,75,70
541,2025-06-06,चुकुन्दर,kg,65,75,70
542,2025-06-06,सजिवन,kg,110,120,113
543,2025-06-06,रातो बन्दा,kg,65,75,68
544,2025-06-06,जिरीको साग,kg,70,80,76
545,2025-06-06,ग्याठ कोबी,kg,45,55,48
546,2025-06-06,सेलरी,kg,110,120,113
547,2025-06-06,पार्सले,kg,300,400,342
548,2025-06-06,सौफको साग,kg,80,100,91
549,2025-06-06,पुदीना,kg,100,110,103
550,2025-06-06,गान्टे मूला,kg,30,40,34
551,2025-06-06,इमली,kg,160,170,165
552,2025-06-06,तामा,kg,90,100,95
553,2025-06-06,तोफु,kg,110,140,126
554,2025-06-06,गुन्दुक,kg,300,350,326
555,2025-06-06,स्याउ(झोले),kg,230,250,240
556,2025-06-06,स्याउ(फूजी),kg,240,300,270
557,2025-06-06,केरा,dozen,140,150,145
558,2025-06-06,कागती,kg,180,200,190
559,2025-06-06,अनार,kg,300,350,326
560,2025-06-06,आँप(मालदह),kg,55,65,60
561,2025-06-06,आँप(दसहरी),kg,65,75,71
562,2025-06-06,अंगुर(हरियो),kg,200,250,226
563,2025-06-06,अंगुर(कालो),kg,300,350,326
564,2025-06-06,तरबुजा(हरियो),kg,30,40,35
565,2025-06-06,मौसम,kg,180,200,190
566,2025-06-06,जुनार,kg,200,250,227
567,2025-06-06,भुई कटहर,per piece,160,180,170
568,2025-06-06,काक्रो(लोकल),kg,40,50,43
569,2025-06-06,काक्रो(हाइब्रीड),kg,8,14,11
570,2025-06-06,रुख कटहर,kg,55,65,60
571,2025-06-06,मेवा(नेपाली),kg,90,100,95
572,2025-06-06,लीच्ची(लोकल),kg,120,140,130
573,2025-06-06,लीच्ची(भारतीय),kg,200,220,210
574,2025-06-06,अदुवा,kg,90,110,101
575,2025-06-06,खु्र्सानी सुकेको,kg,380,420,397
576,2025-06-06,खु्र्सानी हरियो,kg,40,50,44
577,2025-06-06,खुर्सानी हरियो(बुलेट),kg,40,45,42
578,2025-06-06,खुर्सानी हरियो(माछे),kg,30,40,35
579,2025-06-06,खुर्सानी हरियो(अकबरे),kg,260,300,280
580,2025-06-06,भेडे खु्र्सानी,kg,75,85,78
581,2025-06-06,हरियो धनिया,kg,35,45,40
582,2025-06-06,लसुन सुकेको चाइनिज,kg,200,220,210
583,2025-06-06,लसुन सुकेको नेपाली,kg,170,180,175
584,2025-06-06,छ्यापी सुकेको,kg,180,200,190
585,2025-06-06,छ्यापी हरियो,kg,100,120,110
586,2025-06-06,ताजा माछा(रहु),kg,310,330,320
587,2025-06-06,ताजा माछा(बचुवा),kg,300,320,310
588,2025-06-06,ताजा माछा(छडी),kg,220,240,230
589,2025-06-06,राजा च्याउ,kg,280,300,290
590,2025-06-06,सिताके च्याउ,kg,800,900,855
591,2025-06-07,गोलभेडा ठूलो(नेपाली),kg,65,75,70
592,2025-06-07,गोलभेडा ठूलो(भारतीय),kg,70,80,75
593,2025-06-07,गोलभेडा सानो(लोकल),kg,39,48,43
594,2025-06-07,गोलभेडा सानो(टनेल),kg,48,60,54
595,2025-06-07,गोलभेडा सानो(भारतीय),kg,40,50,45
596,2025-06-07,आलु रातो,kg,37,40,38
597,2025-06-07,आलु रातो(भारतीय),kg,32,35,33
598,2025-06-07,आलु रातो(मुडे),kg,38,40,39
599,2025-06-07,प्याज सुकेको (भारतीय),kg,38,40,39
600,2025-06-07,गाजर(लोकल),kg,45,55,50
601,2025-06-07,बन्दा(लोकल),kg,15,20,17
602,2025-06-07,काउली स्थानिय,kg,40,50,45
603,2025-06-07,मूला रातो,kg,30,35,32
604,2025-06-07,मूला सेतो(लोकल),kg,15,20,17
605,2025-06-07,सेतो मूला(हाइब्रीड),kg,20,25,22
606,2025-06-07,भन्टा लाम्चो,kg,12,20,15
607,2025-06-07,भन्टा डल्लो,kg,25,35,30
608,2025-06-07,बोडी(तने),kg,40,50,45
609,2025-06-07,मकै बोडी,kg,60,70,65
610,2025-06-07,मटरकोशा,kg,130,150,140
611,2025-06-07,घिउ सिमी(लोकल),kg,40,50,45
612,2025-06-07,घिउ सिमी(हाइब्रीड),kg,40,50,45
613,2025-06-07,घिउ सिमी(राजमा),kg,100,120,110
614,2025-06-07,भटमासकोशा,kg,100,130,115
615,2025-06-07,तितो करेला,kg,40,50,45
616,2025-06-07,लौका,kg,20,30,25
617,2025-06-07,परवर(लोकल),kg,40,50,45
618,2025-06-07,परवर(तराई),kg,40,50,45
619,2025-06-07,चिचिण्डो,kg,20,30,25
620,2025-06-07,घिरौला,kg,35,45,40
621,2025-06-07,झिगूनी,kg,50,60,55
622,2025-06-07,फर्सी पाकेको,kg,35,45,40
623,2025-06-07,फर्सी हरियो(लाम्चो),kg,25,30,27
624,2025-06-07,हरियो फर्सी(डल्लो),kg,15,25,20
625,2025-06-07,भिण्डी,kg,30,40,35
626,2025-06-07,सखरखण्ड,kg,60,70,65
627,2025-06-07,पिंडालू,kg,100,120,110
628,2025-06-07,रायो साग,kg,20,30,25
629,2025-06-07,पालूगो साग,kg,30,40,35
630,2025-06-07,प्याज हरियो,kg,40,50,45
631,2025-06-07,च्याउ(कन्य),kg,160,200,180
632,2025-06-07,च्याउ(डल्ले),kg,300,350,326
633,2025-06-07,कुरीलो,kg,200,300,250
634,2025-06-07,न्यूरो,kg,20,30,25
635,2025-06-07,ब्रोकाउली,kg,80,90,85
636,2025-06-07,चुकुन्दर,kg,65,75,70
637,2025-06-07,सजिवन,kg,110,120,115
638,2025-06-07,रातो बन्दा,kg,60,70,65
639,2025-06-07,जिरीको साग,kg,70,80,75
640,2025-06-07,ग्याठ कोबी,kg,45,55,50
641,2025-06-07,सेलरी,kg,110,120,115
642,2025-06-07,पार्सले,kg,300,400,350
643,2025-06-07,सौफको साग,kg,80,100,90
644,2025-06-07,पुदीना,kg,100,110,105
645,2025-06-07,गान्टे मूला,kg,30,40,35
646,2025-06-07,इमली,kg,160,170,165
647,2025-06-07,तामा,kg,90,100,95
648,2025-06-07,तोफु,kg,110,140,126
649,2025-06-07,गुन्दुक,kg,300,350,326
650,2025-06-07,स्याउ(झोले),kg,230,250,240
651,2025-06-07,स्याउ(फूजी),kg,240,300,270
652,2025-06-07,केरा,dozen,140,150,145
653,2025-06-07,कागती,kg,180,200,190
654,2025-06-07,अनार,kg,300,350,326
655,2025-06-07,आँप(मालदह),kg,55,65,60
656,2025-06-07,आँप(दसहरी),kg,65,75,70
657,2025-06-07,अंगुर(हरियो),kg,200,250,226
658,2025-06-07,अंगुर(कालो),kg,300,350,326
659,2025-06-07,तरबुजा(हरियो),kg,30,40,35
660,2025-06-07,मौसम,kg,180,200,190
661,2025-06-07,जुनार,kg,200,250,226
662,2025-06-07,भुई कटहर,per piece,160,180,170
663,2025-06-07,काक्रो(लोकल),kg,40,50,45
664,2025-06-07,काक्रो(हाइब्रीड),kg,10,15,12
665,2025-06-07,रुख कटहर,kg,55,65,60
666,2025-06-07,मेवा(नेपाली),kg,90,100,95
667,2025-06-07,मेवा(भारतीय),kg,110,130,120
668,2025-06-07,लीच्ची(लोकल),kg,120,140,130
669,2025-06-07,लीच्ची(भारतीय),kg,200,220,210
670,2025-06-07,अदुवा,kg,90,110,100
671,2025-06-07,खु्र्सानी सुकेको,kg,380,420,400
672,2025-06-07,खु्र्सानी हरियो,kg,30,40,35
673,2025-06-07,खुर्सानी हरियो(बुलेट),kg,30,40,35
674,2025-06-07,खुर्सानी हरियो(माछे),kg,30,40,35
675,2025-06-07,खुर्सानी हरियो(अकबरे),kg,260,300,280
676,2025-06-07,भेडे खु्र्सानी,kg,80,90,85
677,2025-06-07,लसुन हरियो,kg,40,50,45
678,2025-06-07,हरियो धनिया,kg,40,50,45
679,2025-06-07,लसुन सुकेको चाइनिज,kg,200,220,210
680,2025-06-07,लसुन सुकेको नेपाली,kg,170,180,175
681,2025-06-07,छ्यापी सुकेको,kg,180,200,190
682,2025-06-07,छ्यापी हरियो,kg,100,120,110
683,2025-06-07,ताजा माछा(रहु),kg,310,330,320
684,2025-06-07,ताजा माछा(बचुवा),kg,300,320,310
685,2025-06-07,ताजा माछा(छडी),kg,220,240,230
686,2025-06-07,राजा च्याउ,kg,280,300,290
687,2025-06-07,सिताके च्याउ,kg,800,900,850
688,2025-06-08,गोलभेडा ठूलो(नेपाली),kg,69,80,75
689,2025-06-08,गोलभेडा ठूलो(भारतीय),kg,70,80,75
690,2025-06-08,गोलभेडा सानो(लोकल),kg,40,48,43
691,2025-06-08,गोलभेडा सानो(टनेल),kg,52,65,56
692,2025-06-08,गोलभेडा सानो(भारतीय),kg,40,50,45
693,2025-06-08,आलु रातो,kg,37,40,38
694,2025-06-08,आलु रातो(भारतीय),kg,32,35,33
695,2025-06-08,आलु रातो(मुडे),kg,38,40,39
696,2025-06-08,प्याज सुकेको (भारतीय),kg,37,39,38
697,2025-06-08,गाजर(लोकल),kg,45,55,51
698,2025-06-08,बन्दा(लोकल),kg,15,20,17
699,2025-06-08,काउली स्थानिय,kg,45,53,49
700,2025-06-08,मूला रातो,kg,30,35,32
701,2025-06-08,मूला सेतो(लोकल),kg,28,34,31
702,2025-06-08,सेतो मूला(हाइब्रीड),kg,30,40,35
703,2025-06-08,भन्टा लाम्चो,kg,18,25,21
704,2025-06-08,भन्टा डल्लो,kg,20,30,25
705,2025-06-08,बोडी(तने),kg,40,50,43
706,2025-06-08,मकै बोडी,kg,60,70,64
707,2025-06-08,मटरकोशा,kg,130,150,143
708,2025-06-08,घिउ सिमी(लोकल),kg,45,74,54
709,2025-06-08,घिउ सिमी(हाइब्रीड),kg,40,50,44
710,2025-06-08,घिउ सिमी(राजमा),kg,100,120,110
711,2025-06-08,भटमासकोशा,kg,110,130,120
712,2025-06-08,तितो करेला,kg,45,50,47
713,2025-06-08,लौका,kg,20,30,24
714,2025-06-08,परवर(लोकल),kg,40,50,44
715,2025-06-08,परवर(तराई),kg,45,55,48
716,2025-06-08,चिचिण्डो,kg,20,30,26
717,2025-06-08,घिरौला,kg,35,45,40
718,2025-06-08,झिगूनी,kg,50,60,54
719,2025-06-08,फर्सी पाकेको,kg,35,45,39
720,2025-06-08,फर्सी हरियो(लाम्चो),kg,25,30,27
721,2025-06-08,हरियो फर्सी(डल्लो),kg,15,25,19
722,2025-06-08,भिण्डी,kg,35,40,37
723,2025-06-08,सखरखण्ड,kg,60,70,65
724,2025-06-08,पिंडालू,kg,100,120,110
725,2025-06-08,स्कूस,kg,60,70,66
726,2025-06-08,रायो साग,kg,20,30,25
727,2025-06-08,पालूगो साग,kg,35,45,40
728,2025-06-08,प्याज हरियो,kg,40,50,46
729,2025-06-08,च्याउ(कन्य),kg,200,220,208
730,2025-06-08,च्याउ(डल्ले),kg,300,350,333
731,2025-06-08,कुरीलो,kg,200,300,250
732,2025-06-08,न्यूरो,kg,20,30,25
733,2025-06-08,ब्रोकाउली,kg,75,85,81
734,2025-06-08,चुकुन्दर,kg,70,80,73
735,2025-06-08,रातो बन्दा,kg,60,70,64
736,2025-06-08,जिरीको साग,kg,70,80,75
737,2025-06-08,ग्याठ कोबी,kg,50,60,55
738,2025-06-08,सेलरी,kg,110,120,115
739,2025-06-08,पार्सले,kg,300,400,350
740,2025-06-08,सौफको साग,kg,80,100,91
741,2025-06-08,पुदीना,kg,100,110,105
742,2025-06-08,गान्टे मूला,kg,40,50,45
743,2025-06-08,इमली,kg,160,170,165
744,2025-06-08,तामा,kg,90,100,95
745,2025-06-08,तोफु,kg,110,140,126
746,2025-06-08,गुन्दुक,kg,300,350,326
747,2025-06-08,स्याउ(झोले),kg,230,250,240
748,2025-06-08,स्याउ(फूजी),kg,240,380,322
749,2025-06-08,केरा,dozen,140,150,145
750,2025-06-08,कागती,kg,170,190,181
751,2025-06-08,अनार,kg,300,350,326
752,2025-06-08,आँप(मालदह),kg,55,65,60
753,2025-06-08,आँप(दसहरी),kg,65,75,70
754,2025-06-08,अंगुर(हरियो),kg,200,250,225
755,2025-06-08,अंगुर(कालो),kg,300,350,326
756,2025-06-08,तरबुजा(हरियो),kg,30,40,35
757,2025-06-08,मौसम,kg,180,200,190
758,2025-06-08,जुनार,kg,200,250,226
759,2025-06-08,भुई कटहर,per piece,160,180,168
760,2025-06-08,काक्रो(लोकल),kg,42,50,46
761,2025-06-08,काक्रो(हाइब्रीड),kg,10,18,13
762,2025-06-08,रुख कटहर,kg,55,65,60
763,2025-06-08,मेवा(भारतीय),kg,100,110,105
764,2025-06-08,लीच्ची(लोकल),kg,120,140,130
765,2025-06-08,लीच्ची(भारतीय),kg,200,220,210
766,2025-06-08,अदुवा,kg,90,110,101
767,2025-06-08,खु्र्सानी सुकेको,kg,380,420,400
768,2025-06-08,खु्र्सानी हरियो,kg,35,45,40
769,2025-06-08,खुर्सानी हरियो(बुलेट),kg,30,40,35
770,2025-06-08,खुर्सानी हरियो(माछे),kg,40,50,45
771,2025-06-08,खुर्सानी हरियो(अकबरे),kg,260,300,277
772,2025-06-08,भेडे खु्र्सानी,kg,85,95,88
773,2025-06-08,हरियो धनिया,kg,30,35,32
774,2025-06-08,लसुन सुकेको चाइनिज,kg,200,220,208
775,2025-06-08,लसुन सुकेको नेपाली,kg,170,180,175
776,2025-06-08,छ्यापी सुकेको,kg,180,200,190
777,2025-06-08,छ्यापी हरियो,kg,100,120,110
778,2025-06-08,ताजा माछा(रहु),kg,310,330,320
779,2025-06-08,ताजा माछा(बचुवा),kg,300,320,310
780,2025-06-08,ताजा माछा(छडी),kg,220,240,230
781,2025-06-08,राजा च्याउ,kg,280,300,290
782,2025-06-08,सिताके च्याउ,kg,800,900,850
783,2025-06-09,गोलभेडा ठूलो(नेपाली),kg,80,90,85
784,2025-06-09,गोलभेडा ठूलो(भारतीय),kg,70,80,75
785,2025-06-09,गोलभेडा सानो(लोकल),kg,60,70,65
786,2025-06-09,गोलभेडा सानो(टनेल),kg,75,85,80
787,2025-06-09,गोलभेडा सानो(भारतीय),kg,40,50,45
788,2025-06-09,आलु रातो,kg,35,40,38
789,2025-06-09,आलु रातो(भारतीय),kg,32,35,33
790,2025-06-09,आलु रातो(मुडे),kg,38,40,39
791,2025-06-09,प्याज सुकेको (भारतीय),kg,38,40,39
792,2025-06-09,गाजर(लोकल),kg,55,65,60
793,2025-06-09,गाजर(तराई),kg,35,45,40
794,2025-06-09,बन्दा(लोकल),kg,15,22,18
795,2025-06-09,काउली स्थानिय,kg,55,65,60
796,2025-06-09,मूला रातो,kg,21,35,28
797,2025-06-09,मूला सेतो(लोकल),kg,28,34,31
798,2025-06-09,सेतो मूला(हाइब्रीड),kg,30,40,35
799,2025-06-09,भन्टा लाम्चो,kg,18,25,21
800,2025-06-09,भन्टा डल्लो,kg,25,35,30
801,2025-06-09,बोडी(तने),kg,40,50,43
802,2025-06-09,मकै बोडी,kg,60,70,65
803,2025-06-09,मटरकोशा,kg,130,150,140
804,2025-06-09,घिउ सिमी(लोकल),kg,40,50,45
805,2025-06-09,घिउ सिमी(हाइब्रीड),kg,40,50,45
806,2025-06-09,घिउ सिमी(राजमा),kg,100,120,110
807,2025-06-09,भटमासकोशा,kg,120,140,130
808,2025-06-09,तितो करेला,kg,40,50,46
809,2025-06-09,लौका,kg,30,40,36
810,2025-06-09,परवर(लोकल),kg,40,50,44
811,2025-06-09,परवर(तराई),kg,40,50,44
812,2025-06-09,चिचिण्डो,kg,20,30,25
813,2025-06-09,घिरौला,kg,40,50,44
814,2025-06-09,झिगूनी,kg,50,60,55
815,2025-06-09,फर्सी पाकेको,kg,35,45,40
816,2025-06-09,फर्सी हरियो(लाम्चो),kg,25,30,27
817,2025-06-09,हरियो फर्सी(डल्लो),kg,15,25,20
818,2025-06-09,भिण्डी,kg,35,45,39
819,2025-06-09,सखरखण्ड,kg,60,70,65
820,2025-06-09,पिंडालू,kg,100,120,110
821,2025-06-09,स्कूस,kg,60,70,65
822,2025-06-09,रायो साग,kg,30,40,36
823,2025-06-09,पालूगो साग,kg,35,45,41
824,2025-06-09,तोरीको साग,kg,20,25,22
825,2025-06-09,प्याज हरियो,kg,50,60,56
826,2025-06-09,च्याउ(कन्य),kg,180,200,191
827,2025-06-09,च्याउ(डल्ले),kg,300,350,325
828,2025-06-09,कुरीलो,kg,200,350,295
829,2025-06-09,न्यूरो,kg,20,30,25
830,2025-06-09,ब्रोकाउली,kg,75,85,78
831,2025-06-09,चुकुन्दर,kg,70,80,75
832,2025-06-09,रातो बन्दा,kg,60,70,64
833,2025-06-09,जिरीको साग,kg,80,90,84
834,2025-06-09,ग्याठ कोबी,kg,50,60,55
835,2025-06-09,सेलरी,kg,110,120,115
836,2025-06-09,पार्सले,kg,300,400,350
837,2025-06-09,सौफको साग,kg,80,100,91
838,2025-06-09,पुदीना,kg,100,110,105
839,2025-06-09,गान्टे मूला,kg,40,50,46
840,2025-06-09,इमली,kg,160,170,165
841,2025-06-09,तामा,kg,90,100,96
842,2025-06-09,तोफु,kg,110,140,126
843,2025-06-09,गुन्दुक,kg,300,350,326
844,2025-06-09,स्याउ(झोले),kg,230,250,240
845,2025-06-09,स्याउ(फूजी),kg,240,300,272
846,2025-06-09,केरा,dozen,140,150,145
847,2025-06-09,कागती,kg,165,185,173
848,2025-06-09,अनार,kg,300,350,325
849,2025-06-09,आँप(मालदह),kg,55,65,60
850,2025-06-09,आँप(दसहरी),kg,65,75,68
851,2025-06-09,अंगुर(हरियो),kg,200,250,226
852,2025-06-09,अंगुर(कालो),kg,300,350,326
853,2025-06-09,तरबुजा(हरियो),kg,30,40,36
854,2025-06-09,मौसम,kg,180,200,190
855,2025-06-09,जुनार,kg,200,250,226
856,2025-06-09,भुई कटहर,per piece,160,180,170
857,2025-06-09,काक्रो(लोकल),kg,45,55,50
858,2025-06-09,काक्रो(हाइब्रीड),kg,10,20,15
859,2025-06-09,रुख कटहर,kg,55,65,60
860,2025-06-09,मेवा(नेपाली),kg,100,110,105
861,2025-06-09,लीच्ची(लोकल),kg,120,140,130
862,2025-06-09,लीच्ची(भारतीय),kg,200,220,210
863,2025-06-09,अदुवा,kg,90,110,100
864,2025-06-09,खु्र्सानी सुकेको,kg,380,420,400
865,2025-06-09,खु्र्सानी हरियो,kg,30,40,35
866,2025-06-09,खुर्सानी हरियो(बुलेट),kg,25,35,30
867,2025-06-09,खुर्सानी हरियो(अकबरे),kg,260,300,280
868,2025-06-09,भेडे खु्र्सानी,kg,90,100,95
869,2025-06-09,हरियो धनिया,kg,22,30,26
870,2025-06-09,लसुन सुकेको चाइनिज,kg,200,220,210
871,2025-06-09,लसुन सुकेको नेपाली,kg,170,180,175
872,2025-06-09,छ्यापी सुकेको,kg,180,200,191
873,2025-06-09,छ्यापी हरियो,kg,100,120,111
874,2025-06-09,ताजा माछा(रहु),kg,310,330,320
875,2025-06-09,ताजा माछा(बचुवा),kg,300,320,310
876,2025-06-09,ताजा माछा(छडी),kg,220,240,230
877,2025-06-09,राजा च्याउ,kg,280,300,290
878,2025-06-09,सिताके च्याउ,kg,800,900,851
879,2025-06-10,गोलभेडा ठूलो(नेपाली),kg,100,110,105
880,2025-06-10,गोलभेडा ठूलो(भारतीय),kg,70,80,75
881,2025-06-10,गोलभेडा सानो(लोकल),kg,75,85,78
882,2025-06-10,गोलभेडा सानो(टनेल),kg,85,95,88
883,2025-06-10,गोलभेडा सानो(भारतीय),kg,40,50,46
884,2025-06-10,आलु रातो,kg,35,40,38
885,2025-06-10,आलु रातो(भारतीय),kg,32,35,33
886,2025-06-10,आलु रातो(मुडे),kg,38,40,39
887,2025-06-10,प्याज सुकेको (भारतीय),kg,38,40,39
888,2025-06-10,गाजर(लोकल),kg,60,70,66
889,2025-06-10,गाजर(तराई),kg,40,50,45
890,2025-06-10,बन्दा(लोकल),kg,16,22,19
891,2025-06-10,काउली स्थानिय,kg,65,75,69
892,2025-06-10,मूला सेतो(लोकल),kg,28,34,31
893,2025-06-10,सेतो मूला(हाइब्रीड),kg,25,35,30
894,2025-06-10,भन्टा लाम्चो,kg,25,30,27
895,2025-06-10,भन्टा डल्लो,kg,30,40,35
896,2025-06-10,बोडी(तने),kg,40,50,46
897,2025-06-10,मकै बोडी,kg,60,70,65
898,2025-06-10,मटरकोशा,kg,130,150,140
899,2025-06-10,घिउ सिमी(लोकल),kg,40,50,46
900,2025-06-10,घिउ सिमी(हाइब्रीड),kg,40,50,46
901,2025-06-10,घिउ सिमी(राजमा),kg,100,120,108
902,2025-06-10,भटमासकोशा,kg,120,140,131
903,2025-06-10,तितो करेला,kg,45,55,50
904,2025-06-10,लौका,kg,35,45,40
905,2025-06-10,परवर(लोकल),kg,45,55,48
906,2025-06-10,परवर(तराई),kg,45,55,49
907,2025-06-10,चिचिण्डो,kg,30,40,36
908,2025-06-10,घिरौला,kg,40,50,44
909,2025-06-10,झिगूनी,kg,50,60,55
910,2025-06-10,फर्सी पाकेको,kg,35,45,40
911,2025-06-10,फर्सी हरियो(लाम्चो),kg,30,38,34
912,2025-06-10,हरियो फर्सी(डल्लो),kg,22,30,26
913,2025-06-10,भिण्डी,kg,35,45,38
914,2025-06-10,सखरखण्ड,kg,60,70,65
915,2025-06-10,पिंडालू,kg,100,120,110
916,2025-06-10,स्कूस,kg,60,70,65
917,2025-06-10,रायो साग,kg,30,40,36
918,2025-06-10,पालूगो साग,kg,35,45,41
919,2025-06-10,तोरीको साग,kg,20,25,22
920,2025-06-10,प्याज हरियो,kg,25,35,30
921,2025-06-10,च्याउ(कन्य),kg,160,180,170
922,2025-06-10,च्याउ(डल्ले),kg,300,350,326
923,2025-06-10,कुरीलो,kg,200,300,267
924,2025-06-10,न्यूरो,kg,20,30,25
925,2025-06-10,ब्रोकाउली,kg,80,90,85
926,2025-06-10,चुकुन्दर,kg,70,80,75
927,2025-06-10,रातो बन्दा,kg,60,70,65
928,2025-06-10,जिरीको साग,kg,80,90,85
929,2025-06-10,ग्याठ कोबी,kg,50,60,55
930,2025-06-10,सेलरी,kg,110,120,115
931,2025-06-10,सौफको साग,kg,80,100,90
932,2025-06-10,पुदीना,kg,100,110,105
933,2025-06-10,गान्टे मूला,kg,40,50,45
934,2025-06-10,इमली,kg,160,170,165
935,2025-06-10,तामा,kg,90,100,95
936,2025-06-10,तोफु,kg,110,140,126
937,2025-06-10,गुन्दुक,kg,300,350,326
938,2025-06-10,स्याउ(झोले),kg,230,250,240
939,2025-06-10,स्याउ(फूजी),kg,240,300,271
940,2025-06-10,केरा,dozen,140,150,145
941,2025-06-10,कागती,kg,160,180,168
942,2025-06-10,अनार,kg,300,350,326
943,2025-06-10,आँप(मालदह),kg,55,65,60
944,2025-06-10,आँप(दसहरी),kg,65,75,68
945,2025-06-10,अंगुर(हरियो),kg,200,250,226
946,2025-06-10,अंगुर(कालो),kg,300,350,326
947,2025-06-10,तरबुजा(हरियो),kg,30,40,35
948,2025-06-10,मौसम,kg,180,200,190
949,2025-06-10,जुनार,kg,200,250,226
950,2025-06-10,भुई कटहर,per piece,160,180,170
951,2025-06-10,काक्रो(लोकल),kg,50,60,54
952,2025-06-10,काक्रो(हाइब्रीड),kg,10,20,16
953,2025-06-10,रुख कटहर,kg,55,65,60
954,2025-06-10,मेवा(भारतीय),kg,100,110,105
955,2025-06-10,लीच्ची(लोकल),kg,120,140,131
956,2025-06-10,लीच्ची(भारतीय),kg,200,220,208
957,2025-06-10,अदुवा,kg,90,110,100
958,2025-06-10,खु्र्सानी सुकेको,kg,380,420,400
959,2025-06-10,खु्र्सानी हरियो,kg,30,40,36
960,2025-06-10,खुर्सानी हरियो(बुलेट),kg,30,40,33
961,2025-06-10,खुर्सानी हरियो(माछे),kg,50,60,55
962,2025-06-10,खुर्सानी हरियो(अकबरे),kg,260,300,276
963,2025-06-10,भेडे खु्र्सानी,kg,100,110,103
964,2025-06-10,हरियो धनिया,kg,22,30,26
965,2025-06-10,लसुन सुकेको चाइनिज,kg,200,220,210
966,2025-06-10,लसुन सुकेको नेपाली,kg,170,180,173
967,2025-06-10,छ्यापी सुकेको,kg,180,200,190
968,2025-06-10,छ्यापी हरियो,kg,100,120,110
969,2025-06-10,ताजा माछा(रहु),kg,310,330,320
970,2025-06-10,ताजा माछा(बचुवा),kg,300,320,310
971,2025-06-10,ताजा माछा(छडी),kg,220,240,230
972,2025-06-10,राजा च्याउ,kg,280,300,290
973,2025-06-10,सिताके च्याउ,kg,800,900,852
974,2025-06-11,गोलभेडा ठूलो(नेपाली),kg,100,110,104
975,2025-06-11,गोलभेडा ठूलो(भारतीय),kg,100,110,104
976,2025-06-11,गोलभेडा सानो(लोकल),kg,70,80,75
977,2025-06-11,गोलभेडा सानो(टनेल),kg,80,100,86
978,2025-06-11,आलु रातो,kg,35,40,37
979,2025-06-11,आलु रातो(भारतीय),kg,32,35,33
980,2025-06-11,आलु रातो(मुडे),kg,36,38,37
981,2025-06-11,प्याज सुकेको (भारतीय),kg,40,42,41
982,2025-06-11,गाजर(लोकल),kg,60,70,65
983,2025-06-11,गाजर(तराई),kg,40,50,43
984,2025-06-11,बन्दा(लोकल),kg,16,22,18
985,2025-06-11,काउली स्थानिय,kg,60,70,63
986,2025-06-11,मूला सेतो(लोकल),kg,28,34,31
987,2025-06-11,सेतो मूला(हाइब्रीड),kg,25,35,31
988,2025-06-11,भन्टा लाम्चो,kg,20,30,26
989,2025-06-11,भन्टा डल्लो,kg,30,40,36
990,2025-06-11,बोडी(तने),kg,30,40,36
991,2025-06-11,मकै बोडी,kg,60,70,67
992,2025-06-11,मटरकोशा,kg,130,150,143
993,2025-06-11,घिउ सिमी(लोकल),kg,40,50,46
994,2025-06-11,घिउ सिमी(हाइब्रीड),kg,40,50,42
995,2025-06-11,घिउ सिमी(राजमा),kg,100,120,114
996,2025-06-11,भटमासकोशा,kg,130,140,137
997,2025-06-11,तितो करेला,kg,45,55,49
998,2025-06-11,लौका,kg,40,50,45
999,2025-06-11,परवर(लोकल),kg,45,55,48
1000,2025-06-11,परवर(तराई),kg,45,55,47
1001,2025-06-11,चिचिण्डो,kg,30,40,36
1002,2025-06-11,घिरौला,kg,40,50,47
1003,2025-06-11,झिगूनी,kg,50,60,57
1004,2025-06-11,फर्सी पाकेको,kg,35,45,40
1005,2025-06-11,फर्सी हरियो(लाम्चो),kg,30,38,35
1006,2025-06-11,हरियो फर्सी(डल्लो),kg,20,30,27
1007,2025-06-11,भिण्डी,kg,30,40,38
1008,2025-06-11,सखरखण्ड,kg,60,70,65
1009,2025-06-11,पिंडालू,kg,100,120,110
1010,2025-06-11,स्कूस,kg,65,75,73
1011,2025-06-11,रायो साग,kg,30,40,38
1012,2025-06-11,पालूगो साग,kg,35,45,42
1013,2025-06-11,तोरीको साग,kg,30,35,33
1014,2025-06-11,च्याउ(कन्य),kg,180,200,194
1015,2025-06-11,च्याउ(डल्ले),kg,250,300,290
1016,2025-06-11,कुरीलो,kg,200,300,270
1017,2025-06-11,न्यूरो,kg,20,30,27
1018,2025-06-11,ब्रोकाउली,kg,70,80,78
1019,2025-06-11,चुकुन्दर,kg,70,80,73
1020,2025-06-11,रातो बन्दा,kg,60,70,66
1021,2025-06-11,जिरीको साग,kg,90,100,97
1022,2025-06-11,ग्याठ कोबी,kg,50,60,57
1023,2025-06-11,सेलरी,kg,110,120,112
1024,2025-06-11,सौफको साग,kg,80,100,93
1025,2025-06-11,पुदीना,kg,100,110,106
1026,2025-06-11,गान्टे मूला,kg,40,50,43
1027,2025-06-11,इमली,kg,160,170,165
1028,2025-06-11,तामा,kg,90,100,95
1029,2025-06-11,तोफु,kg,110,140,126
1030,2025-06-11,गुन्दुक,kg,300,350,326
1031,2025-06-11,स्याउ(झोले),kg,230,250,240
1032,2025-06-11,स्याउ(फूजी),kg,240,300,282
1033,2025-06-11,केरा,dozen,140,150,145
1034,2025-06-11,कागती,kg,150,170,160
1035,2025-06-11,अनार,kg,300,350,326
1036,2025-06-11,आँप(मालदह),kg,55,65,57
1037,2025-06-11,आँप(दसहरी),kg,65,75,67
1038,2025-06-11,अंगुर(हरियो),kg,200,250,226
1039,2025-06-11,अंगुर(कालो),kg,300,350,326
1040,2025-06-11,तरबुजा(हरियो),kg,30,40,37
1041,2025-06-11,मौसम,kg,180,200,185
1042,2025-06-11,जुनार,kg,200,250,226
1043,2025-06-11,भुई कटहर,per piece,160,180,167
1044,2025-06-11,काक्रो(लोकल),kg,50,60,52
1045,2025-06-11,काक्रो(हाइब्रीड),kg,10,20,12
1046,2025-06-11,रुख कटहर,kg,50,65,58
1047,2025-06-11,मेवा(भारतीय),kg,100,110,105
1048,2025-06-11,लीच्ची(लोकल),kg,120,140,130
1049,2025-06-11,लीच्ची(भारतीय),kg,200,220,205
1050,2025-06-11,अदुवा,kg,90,110,100
1051,2025-06-11,खु्र्सानी सुकेको,kg,380,420,394
1052,2025-06-11,खु्र्सानी हरियो,kg,30,40,38
1053,2025-06-11,खुर्सानी हरियो(बुलेट),kg,30,40,32
1054,2025-06-11,खुर्सानी हरियो(माछे),kg,45,55,49
1055,2025-06-11,खुर्सानी हरियो(अकबरे),kg,260,300,275
1056,2025-06-11,भेडे खु्र्सानी,kg,90,100,94
1057,2025-06-11,हरियो धनिया,kg,30,40,36
1058,2025-06-11,लसुन सुकेको चाइनिज,kg,200,220,210
1059,2025-06-11,लसुन सुकेको नेपाली,kg,170,180,172
1060,2025-06-11,छ्यापी सुकेको,kg,180,200,190
1061,2025-06-11,छ्यापी हरियो,kg,100,120,110
1062,2025-06-11,ताजा माछा(रहु),kg,310,330,320
1063,2025-06-11,ताजा माछा(बचुवा),kg,300,320,310
1064,2025-06-11,ताजा माछा(छडी),kg,220,240,230
1065,2025-06-11,राजा च्याउ,kg,280,300,294
1066,2025-06-11,सिताके च्याउ,kg,800,900,870
1067,2025-06-12,गोलभेडा ठूलो(नेपाली),kg,90,100,96
1068,2025-06-12,गोलभेडा ठूलो(भारतीय),kg,90,100,96
1069,2025-06-12,गोलभेडा सानो(लोकल),kg,65,75,68
1070,2025-06-12,गोलभेडा सानो(टनेल),kg,74,86,77
1071,2025-06-12,आलु रातो,kg,38,40,39
1072,2025-06-12,आलु रातो(भारतीय),kg,32,35,33
1073,2025-06-12,आलु रातो(मुडे),kg,35,37,36
1074,2025-06-12,प्याज सुकेको (भारतीय),kg,39,41,40
1075,2025-06-12,गाजर(लोकल),kg,60,70,68
1076,2025-06-12,गाजर(तराई),kg,40,50,47
1077,2025-06-12,बन्दा(लोकल),kg,25,30,28
1078,2025-06-12,काउली स्थानिय,kg,50,60,57
1079,2025-06-12,मूला सेतो(लोकल),kg,28,34,31
1080,2025-06-12,सेतो मूला(हाइब्रीड),kg,25,32,29
1081,2025-06-12,भन्टा लाम्चो,kg,20,25,23
1082,2025-06-12,भन्टा डल्लो,kg,30,40,32
1083,2025-06-12,बोडी(तने),kg,30,40,33
1084,2025-06-12,मकै बोडी,kg,55,65,60
1085,2025-06-12,मटरकोशा,kg,140,160,150
1086,2025-06-12,घिउ सिमी(लोकल),kg,40,50,48
1087,2025-06-12,घिउ सिमी(हाइब्रीड),kg,40,50,48
1088,2025-06-12,घिउ सिमी(राजमा),kg,120,130,128
1089,2025-06-12,भटमासकोशा,kg,120,130,122
1090,2025-06-12,तितो करेला,kg,40,50,47
1091,2025-06-12,लौका,kg,25,38,32
1092,2025-06-12,परवर(लोकल),kg,35,45,40
1093,2025-06-12,परवर(तराई),kg,35,45,40
1094,2025-06-12,चिचिण्डो,kg,30,40,34
1095,2025-06-12,घिरौला,kg,30,40,37
1096,2025-06-12,झिगूनी,kg,50,60,53
1097,2025-06-12,फर्सी पाकेको,kg,35,45,40
1098,2025-06-12,फर्सी हरियो(लाम्चो),kg,30,40,36
1099,2025-06-12,हरियो फर्सी(डल्लो),kg,25,35,32
1100,2025-06-12,भिण्डी,kg,25,35,27
1101,2025-06-12,सखरखण्ड,kg,60,70,65
1102,2025-06-12,पिंडालू,kg,80,90,82
1103,2025-06-12,रायो साग,kg,30,40,37
1104,2025-06-12,पालूगो साग,kg,35,45,43
1105,2025-06-12,तोरीको साग,kg,35,40,38
1106,2025-06-12,प्याज हरियो,kg,90,110,100
1107,2025-06-12,च्याउ(कन्य),kg,140,160,154
1108,2025-06-12,च्याउ(डल्ले),kg,200,250,230
1109,2025-06-12,कुरीलो,kg,200,350,290
1110,2025-06-12,न्यूरो,kg,20,30,22
1111,2025-06-12,ब्रोकाउली,kg,60,70,63
1112,2025-06-12,चुकुन्दर,kg,70,80,72
1113,2025-06-12,रातो बन्दा,kg,60,70,67
1114,2025-06-12,जिरीको साग,kg,90,100,98
1115,2025-06-12,ग्याठ कोबी,kg,50,60,58
1116,2025-06-12,सेलरी,kg,110,120,117
1117,2025-06-12,सौफको साग,kg,80,100,93
1118,2025-06-12,पुदीना,kg,100,110,102
1119,2025-06-12,गान्टे मूला,kg,40,50,45
1120,2025-06-12,इमली,kg,160,170,162
1121,2025-06-12,तामा,kg,90,100,98
1122,2025-06-12,तोफु,kg,110,140,126
1123,2025-06-12,गुन्दुक,kg,300,350,326
1124,2025-06-12,स्याउ(झोले),kg,230,250,245
1125,2025-06-12,स्याउ(फूजी),kg,240,300,282
1126,2025-06-12,केरा,dozen,140,150,145
1127,2025-06-12,कागती,kg,150,170,154
1128,2025-06-12,अनार,kg,300,350,320
1129,2025-06-12,आँप(मालदह),kg,55,65,62
1130,2025-06-12,आँप(दसहरी),kg,65,75,68
1131,2025-06-12,अंगुर(हरियो),kg,200,250,226
1132,2025-06-12,अंगुर(कालो),kg,300,350,326
1133,2025-06-12,तरबुजा(हरियो),kg,30,40,36
1134,2025-06-12,मौसम,kg,180,200,193
1135,2025-06-12,जुनार,kg,200,250,226
1136,2025-06-12,भुई कटहर,per piece,160,180,174
1137,2025-06-12,काक्रो(लोकल),kg,35,45,39
1138,2025-06-12,काक्रो(हाइब्रीड),kg,10,20,12
1139,2025-06-12,रुख कटहर,kg,55,65,60
1140,2025-06-12,मेवा(भारतीय),kg,100,110,102
1141,2025-06-12,लीच्ची(लोकल),kg,110,130,116
1142,2025-06-12,लीच्ची(भारतीय),kg,200,220,204
1143,2025-06-12,अदुवा,kg,90,110,100
1144,2025-06-12,खु्र्सानी सुकेको,kg,380,420,395
1145,2025-06-12,खु्र्सानी हरियो,kg,30,40,38
1146,2025-06-12,खुर्सानी हरियो(बुलेट),kg,30,40,32
1147,2025-06-12,खुर्सानी हरियो(माछे),kg,40,50,44
1148,2025-06-12,भेडे खु्र्सानी,kg,75,85,80
1149,2025-06-12,हरियो धनिया,kg,35,45,42
1150,2025-06-12,लसुन सुकेको चाइनिज,kg,200,220,210
1151,2025-06-12,लसुन सुकेको नेपाली,kg,170,180,172
1152,2025-06-12,छ्यापी सुकेको,kg,180,200,186
1153,2025-06-12,छ्यापी हरियो,kg,100,120,105
1154,2025-06-12,ताजा माछा(रहु),kg,310,330,320
1155,2025-06-12,ताजा माछा(बचुवा),kg,300,320,310
1156,2025-06-12,ताजा माछा(छडी),kg,220,240,230
1157,2025-06-12,राजा च्याउ,kg,280,300,290
1158,2025-06-12,सिताके च्याउ,kg,800,900,860
1159,2025-06-13,गोलभेडा ठूलो(नेपाली),kg,70,80,73
1160,2025-06-13,गोलभेडा ठूलो(भारतीय),kg,70,80,73
1161,2025-06-13,गोलभेडा सानो(लोकल),kg,48,58,54
1162,2025-06-13,गोलभेडा सानो(टनेल),kg,55,70,65
1163,2025-06-13,आलु रातो,kg,37,40,38
1164,2025-06-13,आलु रातो(मुडे),kg,36,38,37
1165,2025-06-13,प्याज सुकेको (भारतीय),kg,39,41,40
1166,2025-06-13,गाजर(लोकल),kg,60,70,62
1167,2025-06-13,गाजर(तराई),kg,40,50,43
1168,2025-06-13,बन्दा(लोकल),kg,28,35,31
1169,2025-06-13,काउली स्थानिय,kg,45,60,54
1170,2025-06-13,मूला सेतो(लोकल),kg,28,34,31
1171,2025-06-13,सेतो मूला(हाइब्रीड),kg,28,35,30
1172,2025-06-13,भन्टा लाम्चो,kg,10,20,15
1173,2025-06-13,भन्टा डल्लो,kg,25,35,30
1174,2025-06-13,बोडी(तने),kg,20,32,26
1175,2025-06-13,मकै बोडी,kg,55,65,60
1176,2025-06-13,मटरकोशा,kg,140,160,151
1177,2025-06-13,घिउ सिमी(लोकल),kg,30,40,35
1178,2025-06-13,घिउ सिमी(हाइब्रीड),kg,30,40,35
1179,2025-06-13,घिउ सिमी(राजमा),kg,100,120,110
1180,2025-06-13,टाटे सिमी,kg,100,120,105
1181,2025-06-13,भटमासकोशा,kg,100,120,104
1182,2025-06-13,तितो करेला,kg,40,50,43
1183,2025-06-13,लौका,kg,30,40,32
1184,2025-06-13,परवर(लोकल),kg,25,35,33
1185,2025-06-13,परवर(तराई),kg,25,35,33
1186,2025-06-13,चिचिण्डो,kg,20,32,26
1187,2025-06-13,घिरौला,kg,20,30,28
1188,2025-06-13,झिगूनी,kg,45,50,49
1189,2025-06-13,फर्सी पाकेको,kg,35,45,40
1190,2025-06-13,फर्सी हरियो(लाम्चो),kg,30,40,36
1191,2025-06-13,हरियो फर्सी(डल्लो),kg,30,40,36
1192,2025-06-13,भिण्डी,kg,20,30,22
1193,2025-06-13,सखरखण्ड,kg,60,70,65
1194,2025-06-13,पिंडालू,kg,90,100,95
1195,2025-06-13,स्कूस,kg,55,65,60
1196,2025-06-13,रायो साग,kg,40,50,47
1197,2025-06-13,पालूगो साग,kg,40,50,45
1198,2025-06-13,तोरीको साग,kg,25,35,29
1199,2025-06-13,प्याज हरियो,kg,90,120,100
1200,2025-06-13,च्याउ(कन्य),kg,140,160,150
1201,2025-06-13,च्याउ(डल्ले),kg,240,260,250
1202,2025-06-13,कुरीलो,kg,200,350,290
1203,2025-06-13,न्यूरो,kg,25,30,29
1204,2025-06-13,ब्रोकाउली,kg,48,60,53
1205,2025-06-13,चुकुन्दर,kg,55,65,60
1206,2025-06-13,जिरीको साग,kg,90,100,92
1207,2025-06-13,ग्याठ कोबी,kg,50,60,55
1208,2025-06-13,सेलरी,kg,110,120,113
1209,2025-06-13,सौफको साग,kg,80,100,90
1210,2025-06-13,पुदीना,kg,100,110,105
1211,2025-06-13,गान्टे मूला,kg,40,50,45
1212,2025-06-13,इमली,kg,160,170,165
1213,2025-06-13,तामा,kg,100,120,108
1214,2025-06-13,तोफु,kg,110,140,126
1215,2025-06-13,गुन्दुक,kg,300,350,326
1216,2025-06-13,स्याउ(झोले),kg,230,250,240
1217,2025-06-13,स्याउ(फूजी),kg,240,300,272
1218,2025-06-13,केरा,dozen,140,150,145
1219,2025-06-13,कागती,kg,140,160,150
1220,2025-06-13,अनार,kg,300,350,326
1221,2025-06-13,आँप(मालदह),kg,50,60,55
1222,2025-06-13,आँप(दसहरी),kg,65,75,70
1223,2025-06-13,अंगुर(हरियो),kg,200,250,226
1224,2025-06-13,अंगुर(कालो),kg,300,350,326
1225,2025-06-13,तरबुजा(हरियो),kg,30,40,35
1226,2025-06-13,मौसम,kg,180,200,190
1227,2025-06-13,जुनार,kg,200,250,226
1228,2025-06-13,भुई कटहर,per piece,160,170,165
1229,2025-06-13,काक्रो(लोकल),kg,30,40,38
1230,2025-06-13,काक्रो(हाइब्रीड),kg,8,15,12
1231,2025-06-13,रुख कटहर,kg,55,65,60
1232,2025-06-13,मेवा(भारतीय),kg,100,110,103
1233,2025-06-13,लीच्ची(लोकल),kg,170,190,178
1234,2025-06-13,लीच्ची(भारतीय),kg,160,170,165
1235,2025-06-13,अदुवा,kg,90,110,100
1236,2025-06-13,खु्र्सानी सुकेको,kg,300,420,366
1237,2025-06-13,खु्र्सानी हरियो,kg,30,40,35
1238,2025-06-13,खुर्सानी हरियो(बुलेट),kg,25,35,30
1239,2025-06-13,खुर्सानी हरियो(माछे),kg,30,40,35
1240,2025-06-13,भेडे खु्र्सानी,kg,75,85,80
1241,2025-06-13,हरियो धनिया,kg,40,55,49
1242,2025-06-13,लसुन सुकेको चाइनिज,kg,200,220,210
1243,2025-06-13,लसुन सुकेको नेपाली,kg,150,170,157
1244,2025-06-13,छ्यापी सुकेको,kg,180,200,190
1245,2025-06-13,छ्यापी हरियो,kg,100,120,110
1246,2025-06-13,ताजा माछा(रहु),kg,310,330,320
1247,2025-06-13,ताजा माछा(बचुवा),kg,300,320,310
1248,2025-06-13,ताजा माछा(छडी),kg,220,240,230
1249,2025-06-13,राजा च्याउ,kg,280,300,290
1250,2025-06-13,सिताके च्याउ,kg,800,900,850
1251,2025-06-14,गोलभेडा ठूलो(नेपाली),kg,60,70,63
1252,2025-06-14,गोलभेडा ठूलो(भारतीय),kg,75,85,80
1253,2025-06-14,गोलभेडा सानो(लोकल),kg,42,52,48
1254,2025-06-14,गोलभेडा सानो(टनेल),kg,48,58,54
1255,2025-06-14,आलु रातो,kg,37,40,38
1256,2025-06-14,आलु रातो(भारतीय),kg,32,35,33
1257,2025-06-14,आलु रातो(मुडे),kg,36,38,37
1258,2025-06-14,प्याज सुकेको (भारतीय),kg,40,42,41
1259,2025-06-14,गाजर(लोकल),kg,60,70,66
1260,2025-06-14,गाजर(तराई),kg,40,50,46
1261,2025-06-14,बन्दा(लोकल),kg,30,38,33
1262,2025-06-14,काउली स्थानिय,kg,45,55,50
1263,2025-06-14,मूला रातो,kg,28,32,30
1264,2025-06-14,मूला सेतो(लोकल),kg,28,34,31
1265,2025-06-14,सेतो मूला(हाइब्रीड),kg,22,30,26
1266,2025-06-14,भन्टा लाम्चो,kg,10,20,15
1267,2025-06-14,भन्टा डल्लो,kg,25,35,30
1268,2025-06-14,बोडी(तने),kg,15,25,21
1269,2025-06-14,मकै बोडी,kg,50,60,54
1270,2025-06-14,मटरकोशा,kg,140,160,150
1271,2025-06-14,घिउ सिमी(लोकल),kg,25,35,30
1272,2025-06-14,घिउ सिमी(हाइब्रीड),kg,25,35,30
1273,2025-06-14,घिउ सिमी(राजमा),kg,100,110,103
1274,2025-06-14,टाटे सिमी,kg,90,105,95
1275,2025-06-14,भटमासकोशा,kg,100,120,108
1276,2025-06-14,तितो करेला,kg,25,40,32
1277,2025-06-14,लौका,kg,20,30,24
1278,2025-06-14,परवर(लोकल),kg,25,35,30
1279,2025-06-14,परवर(तराई),kg,25,40,32
1280,2025-06-14,चिचिण्डो,kg,20,30,23
1281,2025-06-14,घिरौला,kg,20,32,28
1282,2025-06-14,झिगूनी,kg,40,50,45
1283,2025-06-14,फर्सी पाकेको,kg,35,45,40
1284,2025-06-14,फर्सी हरियो(लाम्चो),kg,30,40,35
1285,2025-06-14,हरियो फर्सी(डल्लो),kg,25,35,29
1286,2025-06-14,भिण्डी,kg,15,25,18
1287,2025-06-14,सखरखण्ड,kg,60,70,65
1288,2025-06-14,पिंडालू,kg,90,100,95
1289,2025-06-14,स्कूस,kg,55,65,60
1290,2025-06-14,रायो साग,kg,40,50,45
1291,2025-06-14,पालूगो साग,kg,40,50,47
1292,2025-06-14,तोरीको साग,kg,25,40,33
1293,2025-06-14,प्याज हरियो,kg,90,110,100
1294,2025-06-14,च्याउ(कन्य),kg,160,180,164
1295,2025-06-14,च्याउ(डल्ले),kg,250,300,264
1296,2025-06-14,कुरीलो,kg,200,350,275
1297,2025-06-14,न्यूरो,kg,25,30,29
1298,2025-06-14,ब्रोकाउली,kg,45,55,51
1299,2025-06-14,चुकुन्दर,kg,55,65,60
1300,2025-06-14,रातो बन्दा,kg,70,80,72
1301,2025-06-14,जिरीको साग,kg,90,100,97
1302,2025-06-14,ग्याठ कोबी,kg,50,60,55
1303,2025-06-14,सेलरी,kg,110,120,116
1304,2025-06-14,सौफको साग,kg,80,100,90
1305,2025-06-14,पुदीना,kg,100,110,102
1306,2025-06-14,इमली,kg,160,170,165
1307,2025-06-14,तामा,kg,100,120,110
1308,2025-06-14,तोफु,kg,110,140,126
1309,2025-06-14,गुन्दुक,kg,300,350,320
1310,2025-06-14,स्याउ(झोले),kg,230,250,240
1311,2025-06-14,स्याउ(फूजी),kg,240,300,282
1312,2025-06-14,केरा,dozen,140,150,145
1313,2025-06-14,कागती,kg,140,160,145
1314,2025-06-14,अनार,kg,300,350,320
1315,2025-06-14,आँप(मालदह),kg,55,65,60
1316,2025-06-14,आँप(दसहरी),kg,70,80,74
1317,2025-06-14,अंगुर(हरियो),kg,200,250,225
1318,2025-06-14,अंगुर(कालो),kg,300,350,326
1319,2025-06-14,तरबुजा(हरियो),kg,30,40,35
1320,2025-06-14,मौसम,kg,180,200,190
1321,2025-06-14,जुनार,kg,200,250,220
1322,2025-06-14,भुई कटहर,per piece,170,190,183
1323,2025-06-14,काक्रो(लोकल),kg,30,40,38
1324,2025-06-14,काक्रो(हाइब्रीड),kg,8,15,10
1325,2025-06-14,रुख कटहर,kg,50,60,53
1326,2025-06-14,मेवा(भारतीय),kg,100,110,105
1327,2025-06-14,लीच्ची(लोकल),kg,170,190,180
1328,2025-06-14,लीच्ची(भारतीय),kg,160,170,165
1329,2025-06-14,अदुवा,kg,90,110,98
1330,2025-06-14,खु्र्सानी सुकेको,kg,380,420,400
1331,2025-06-14,खु्र्सानी हरियो,kg,40,50,47
1332,2025-06-14,खुर्सानी हरियो(बुलेट),kg,25,35,30
1333,2025-06-14,खुर्सानी हरियो(माछे),kg,20,35,26
1334,2025-06-14,भेडे खु्र्सानी,kg,70,80,77
1335,2025-06-14,हरियो धनिया,kg,50,60,57
1336,2025-06-14,लसुन सुकेको चाइनिज,kg,200,220,210
1337,2025-06-14,लसुन सुकेको नेपाली,kg,150,170,160
1338,2025-06-14,छ्यापी सुकेको,kg,180,200,190
1339,2025-06-14,छ्यापी हरियो,kg,100,120,110
1340,2025-06-14,ताजा माछा(रहु),kg,310,330,320
1341,2025-06-14,ताजा माछा(बचुवा),kg,300,320,310
1342,2025-06-14,ताजा माछा(छडी),kg,220,240,230
1343,2025-06-14,राजा च्याउ,kg,280,300,295
1344,2025-06-14,सिताके च्याउ,kg,800,900,837
1345,2025-06-15,गोलभेडा ठूलो(नेपाली),kg,60,70,65
1346,2025-06-15,गोलभेडा ठूलो(भारतीय),kg,90,100,94
1347,2025-06-15,गोलभेडा सानो(लोकल),kg,27,35,31
1348,2025-06-15,गोलभेडा सानो(टनेल),kg,40,50,43
1349,2025-06-15,आलु रातो,kg,38,41,39
1350,2025-06-15,आलु रातो(मुडे),kg,37,39,38
1351,2025-06-15,प्याज सुकेको (भारतीय),kg,40,42,41
1352,2025-06-15,गाजर(लोकल),kg,65,75,73
1353,2025-06-15,गाजर(तराई),kg,40,50,47
1354,2025-06-15,बन्दा(लोकल),kg,25,35,30
1355,2025-06-15,काउली स्थानिय,kg,40,50,45
1356,2025-06-15,मूला रातो,kg,28,32,30
1357,2025-06-15,सेतो मूला(हाइब्रीड),kg,22,30,25
1358,2025-06-15,भन्टा लाम्चो,kg,10,15,12
1359,2025-06-15,भन्टा डल्लो,kg,15,25,21
1360,2025-06-15,बोडी(तने),kg,10,20,15
1361,2025-06-15,मकै बोडी,kg,45,55,49
1362,2025-06-15,मटरकोशा,kg,140,160,150
1363,2025-06-15,घिउ सिमी(लोकल),kg,25,35,28
1364,2025-06-15,घिउ सिमी(हाइब्रीड),kg,25,35,27
1365,2025-06-15,घिउ सिमी(राजमा),kg,80,100,85
1366,2025-06-15,टाटे सिमी,kg,50,65,57
1367,2025-06-15,भटमासकोशा,kg,80,100,91
1368,2025-06-15,तितो करेला,kg,25,35,31
1369,2025-06-15,लौका,kg,15,25,22
1370,2025-06-15,परवर(लोकल),kg,25,35,30
1371,2025-06-15,परवर(तराई),kg,25,40,31
1372,2025-06-15,चिचिण्डो,kg,15,25,20
1373,2025-06-15,घिरौला,kg,20,40,25
1374,2025-06-15,झिगूनी,kg,40,50,45
1375,2025-06-15,फर्सी पाकेको,kg,35,45,40
1376,2025-06-15,फर्सी हरियो(लाम्चो),kg,30,40,35
1377,2025-06-15,हरियो फर्सी(डल्लो),kg,20,30,24
1378,2025-06-15,भिण्डी,kg,15,25,17
1379,2025-06-15,सखरखण्ड,kg,60,70,65
1380,2025-06-15,स्कूस,kg,55,65,60
1381,2025-06-15,रायो साग,kg,40,50,47
1382,2025-06-15,पालूगो साग,kg,45,55,49
1383,2025-06-15,तोरीको साग,kg,25,35,32
1384,2025-06-15,प्याज हरियो,kg,80,100,94
1385,2025-06-15,च्याउ(कन्य),kg,140,180,152
1386,2025-06-15,च्याउ(डल्ले),kg,250,300,270
1387,2025-06-15,कुरीलो,kg,200,350,275
1388,2025-06-15,न्यूरो,kg,25,30,26
1389,2025-06-15,ब्रोकाउली,kg,45,55,52
1390,2025-06-15,चुकुन्दर,kg,55,65,60
1391,2025-06-15,रातो बन्दा,kg,60,78,66
1392,2025-06-15,जिरीको साग,kg,90,100,97
1393,2025-06-15,ग्याठ कोबी,kg,50,60,57
1394,2025-06-15,सौफको साग,kg,80,100,90
1395,2025-06-15,पुदीना,kg,100,110,105
1396,2025-06-15,इमली,kg,160,170,166
1397,2025-06-15,तामा,kg,100,120,104
1398,2025-06-15,तोफु,kg,110,140,126
1399,2025-06-15,गुन्दुक,kg,300,350,323
1400,2025-06-15,स्याउ(झोले),kg,230,250,240
1401,2025-06-15,स्याउ(फूजी),kg,240,300,272
1402,2025-06-15,केरा,dozen,140,150,143
1403,2025-06-15,कागती,kg,140,160,145
1404,2025-06-15,आँप(मालदह),kg,55,65,63
1405,2025-06-15,आँप(दसहरी),kg,70,80,72
1406,2025-06-15,अंगुर(हरियो),kg,200,250,226
1407,2025-06-15,अंगुर(कालो),kg,300,350,326
1408,2025-06-15,तरबुजा(हरियो),kg,30,40,35
1409,2025-06-15,मौसम,kg,180,200,190
1410,2025-06-15,जुनार,kg,200,250,220
1411,2025-06-15,भुई कटहर,per piece,170,190,179
1412,2025-06-15,काक्रो(लोकल),kg,30,40,38
1413,2025-06-15,काक्रो(हाइब्रीड),kg,8,15,9
1414,2025-06-15,रुख कटहर,kg,50,60,57
1415,2025-06-15,मेवा(भारतीय),kg,100,110,102
1416,2025-06-15,लीच्ची(लोकल),kg,170,190,174
1417,2025-06-15,लीच्ची(भारतीय),kg,160,170,162
1418,2025-06-15,अदुवा,kg,90,110,100
1419,2025-06-15,खु्र्सानी सुकेको,kg,380,420,400
1420,2025-06-15,खु्र्सानी हरियो,kg,40,50,43
1421,2025-06-15,खुर्सानी हरियो(बुलेट),kg,25,35,30
1422,2025-06-15,खुर्सानी हरियो(माछे),kg,20,40,31
1423,2025-06-15,भेडे खु्र्सानी,kg,65,80,71
1424,2025-06-15,हरियो धनिया,kg,40,50,44
1425,2025-06-15,लसुन सुकेको चाइनिज,kg,200,220,207
1426,2025-06-15,लसुन सुकेको नेपाली,kg,150,170,156
1427,2025-06-15,छ्यापी सुकेको,kg,180,200,190
1428,2025-06-15,छ्यापी हरियो,kg,100,120,105
1429,2025-06-15,ताजा माछा(रहु),kg,310,330,320
1430,2025-06-15,ताजा माछा(बचुवा),kg,300,320,310
1431,2025-06-15,ताजा माछा(छडी),kg,220,240,230
1432,2025-06-15,राजा च्याउ,kg,280,300,292
1433,2025-06-15,सिताके च्याउ,kg,800,900,866
